{"stat.craftItem.minecraft.diamond_chestplate":1,"stat.useItem.minecraft.quartz_block":14,"stat.useItem.minecraft.stone":1,"stat.leaveGame":7,"stat.useItem.minecraft.ender_chest":2,"stat.useItem.minecraft.skull":5,"stat.useItem.minecraft.diamond_sword":8,"stat.useItem.minecraft.glowstone":14,"stat.craftItem.minecraft.diamond_helmet":1,"stat.jump":653,"stat.swimOneCm":2051,"stat.fallOneCm":7213,"stat.climbOneCm":621,"stat.useItem.minecraft.planks":8,"stat.useItem.minecraft.piston":1,"stat.crouchOneCm":16466,"stat.enderchestOpened":13,"stat.useItem.minecraft.nether_brick_fence":2,"stat.useItem.minecraft.obsidian":17,"stat.useItem.minecraft.dirt":41,"achievement.exploreAllBiomes":{"value":0,"progress":["Plains","The End","Extreme Hills Edge","Beach","Jungle","Forest","River","Ocean","Taiga","Extreme Hills","Deep Ocean","Hell","Savanna"]},"stat.craftingTableInteraction":2,"stat.useItem.minecraft.glass":5,"stat.useItem.minecraft.redstone_lamp":4,"stat.damageTaken":230,"stat.useItem.minecraft.gold_block":13,"stat.flyOneCm":1703192,"stat.damageDealt":895,"stat.killEntity.Rabbit":1,"stat.useItem.minecraft.wool":29,"stat.timeSinceDeath":39330,"stat.killEntity.Cow":1,"stat.useItem.minecraft.sign":5,"stat.killEntity.Pig":2,"stat.walkOneCm":341932,"stat.useItem.minecraft.torch":2,"stat.useItem.minecraft.log":59,"stat.useItem.minecraft.cobblestone":22,"stat.killEntity.Creeper":1,"stat.useItem.minecraft.redstone_block":4,"stat.useItem.minecraft.item_frame":47,"stat.sprintOneCm":118511,"stat.useItem.minecraft.diamond_block":2,"stat.useItem.minecraft.fireworks":3,"stat.killEntity.Skeleton":1,"stat.useItem.minecraft.stone_slab":32,"achievement.openInventory":145,"stat.killEntity.Chicken":1,"stat.useItem.minecraft.iron_block":4,"stat.useItem.minecraft.wooden_button":8,"stat.useItem.minecraft.stone_pressure_plate":20,"stat.useItem.minecraft.wooden_pressure_plate":23,"stat.mobKills":7,"stat.useItem.minecraft.dye":19,"stat.deaths":2,"stat.playOneMinute":348032,"stat.useItem.minecraft.ladder":46,"stat.diveOneCm":5102}